Perror,Pfailure,SNR,iterations,n,n words,rate,time per word
0.0,1.0,0.5,10.0,1152,100,5/6,0.3239309358596802
0.0,1.0,1.0,10.0,1152,100,5/6,0.3287125873565674
0.0,1.0,1.5,10.0,1152,100,5/6,0.32849611520767213
0.0,0.63,2.0,8.82,1152,100,5/6,0.28942073345184327
0.0,0.02,2.5,3.96,1152,100,5/6,0.12658388614654542
0.0,0.0,3.0,2.27,1152,100,5/6,0.07850571632385255
0.0,0.0,3.5,1.61,1152,100,5/6,0.05535695314407349
0.0,0.0,4.0,1.3,1152,100,5/6,0.04515620946884155
0.0,0.0,4.5,1.06,1152,100,5/6,0.03738855123519898
