Perror,Pfailure,SNR,iterations,n,n words,rate,time per word
0.0,1.0,0.5,10.0,1824,100,2/3B,0.4952020859718323
0.0,1.0,1.0,10.0,1824,100,2/3B,0.500885648727417
0.0,0.98,1.5,9.97,1824,100,2/3B,0.49691032886505127
0.0,0.01,2.0,5.49,1824,100,2/3B,0.2729303693771362
0.0,0.0,2.5,3.37,1824,100,2/3B,0.1736219882965088
0.0,0.0,3.0,2.38,1824,100,2/3B,0.12189243078231811
0.0,0.0,3.5,1.98,1824,100,2/3B,0.10310656309127808
0.0,0.0,4.0,1.64,1824,100,2/3B,0.0857933759689331
0.0,0.0,4.5,1.29,1824,100,2/3B,0.06796276807785034
