Perror,Pfailure,SNR,iterations,n,n words,rate,time per word
0.0,1.0,0.5,10.0,576,100,2/3B,0.1361599588394165
0.0,1.0,1.0,10.0,576,100,2/3B,0.13366204500198364
0.0,0.81,1.5,9.51,576,100,2/3B,0.128875412940979
0.0,0.02,2.0,4.66,576,100,2/3B,0.06351091623306275
0.0,0.0,2.5,2.65,576,100,2/3B,0.03722296714782715
0.0,0.0,3.0,1.98,576,100,2/3B,0.027689228057861327
0.0,0.0,3.5,1.55,576,100,2/3B,0.02229456663131714
0.0,0.0,4.0,1.23,576,100,2/3B,0.017819392681121825
0.0,0.0,4.5,1.11,576,100,2/3B,0.01642929792404175
