Perror,Pfailure,SNR,iterations,n,n words,rate,time per word
0.0,1.0,0.5,10.0,2016,100,5/6,0.5879156541824341
0.0,1.0,1.0,10.0,2016,100,5/6,0.5781316232681274
0.0,1.0,1.5,10.0,2016,100,5/6,0.5821484065055847
0.0,0.71,2.0,9.13,2016,100,5/6,0.5527198100090027
0.0,0.0,2.5,3.91,2016,100,5/6,0.23768808841705322
0.0,0.0,3.0,2.38,2016,100,5/6,0.14357651948928832
0.0,0.0,3.5,1.68,2016,100,5/6,0.10323934078216553
0.0,0.0,4.0,1.25,2016,100,5/6,0.08271974802017212
0.0,0.0,4.5,1.07,2016,100,5/6,0.06954170942306519
