Perror,Pfailure,SNR,iterations,n,n words,rate,time per word
0.0,1.0,0.5,10.0,1056,100,5/6,0.3001488399505615
0.0,1.0,1.0,10.0,1056,100,5/6,0.28646537780761716
0.0,1.0,1.5,10.0,1056,100,5/6,0.28649579524993896
0.0,0.59,2.0,8.62,1056,100,5/6,0.2476150918006897
0.0,0.02,2.5,3.78,1056,100,5/6,0.11013763427734374
0.0,0.0,3.0,2.25,1056,100,5/6,0.06624507427215576
0.0,0.0,3.5,1.49,1056,100,5/6,0.045209295749664306
0.0,0.0,4.0,1.19,1056,100,5/6,0.03817413568496704
0.0,0.0,4.5,1.0,1056,100,5/6,0.03269658327102661
