Perror,Pfailure,SNR,iterations,n,n words,rate,time per word
0.0,1.0,0.5,10.0,1440,100,3/4B,0.4303554344177246
0.0,1.0,1.0,10.0,1440,100,3/4B,0.4373552560806274
0.0,1.0,1.5,10.0,1440,100,3/4B,0.44249329328536985
0.0,0.1,2.0,6.49,1440,100,3/4B,0.2881621885299683
0.0,0.0,2.5,3.48,1440,100,3/4B,0.1531455087661743
0.0,0.0,3.0,2.4,1440,100,3/4B,0.10829025983810425
0.0,0.0,3.5,1.83,1440,100,3/4B,0.08326335668563843
0.0,0.0,4.0,1.44,1440,100,3/4B,0.06874802827835083
0.0,0.0,4.5,1.14,1440,100,3/4B,0.05420712947845459
