Perror,Pfailure,SNR,iterations,n,n words,rate,time per word
0.0,1.0,0.5,10.0,1728,100,3/4B,0.5178379797935486
0.0,1.0,1.0,10.0,1728,100,3/4B,0.5471176719665527
0.0,1.0,1.5,10.0,1728,100,3/4B,0.5120968413352966
0.0,0.05,2.0,6.33,1728,100,3/4B,0.3261010503768921
0.0,0.0,2.5,3.45,1728,100,3/4B,0.17829211711883544
0.0,0.0,3.0,2.4,1728,100,3/4B,0.1376715636253357
0.0,0.0,3.5,1.9,1728,100,3/4B,0.1064214539527893
0.0,0.0,4.0,1.47,1728,100,3/4B,0.08380149126052856
0.0,0.0,4.5,1.15,1728,100,3/4B,0.06755182027816772
