Perror,Pfailure,SNR,iterations,n,n words,rate,time per word
0.0,1.0,0.5,10.0,1632,100,3/4B,0.4905116200447083
0.0,1.0,1.0,10.0,1632,100,3/4B,0.49384644746780393
0.0,1.0,1.5,10.0,1632,100,3/4B,0.49554327726364134
0.0,0.08,2.0,6.48,1632,100,3/4B,0.32510833740234374
0.0,0.0,2.5,3.42,1632,100,3/4B,0.17013288736343385
0.0,0.0,3.0,2.46,1632,100,3/4B,0.12481263875961304
0.0,0.0,3.5,1.94,1632,100,3/4B,0.0979461908340454
0.0,0.0,4.0,1.51,1632,100,3/4B,0.07787636756896972
0.0,0.0,4.5,1.28,1632,100,3/4B,0.06771997690200805
