Perror,Pfailure,SNR,iterations,n,n words,rate,time per word
0.0,1.0,0.5,10.0,1344,100,1/2,0.35660968780517577
0.0,1.0,1.0,10.0,1344,100,1/2,0.3443561553955078
0.0,0.65,1.5,9.31,1344,100,1/2,0.3231791973114014
0.0,0.01,2.0,5.52,1344,100,1/2,0.20805193662643431
0.0,0.0,2.5,3.65,1344,100,1/2,0.1355173945426941
0.0,0.0,3.0,2.83,1344,100,1/2,0.10825878620147705
0.0,0.0,3.5,2.32,1344,100,1/2,0.09260639667510986
0.0,0.0,4.0,1.97,1344,100,1/2,0.0816454529762268
0.0,0.0,4.5,1.79,1344,100,1/2,0.07477730989456177
