Perror,Pfailure,SNR,iterations,n,n words,rate,time per word
0.0,1.0,0.5,10.0,2112,100,2/3A,0.5831431984901428
0.0,1.0,1.0,10.0,2112,100,2/3A,0.5770167827606201
0.0,1.0,1.5,10.0,2112,100,2/3A,0.5990317749977112
0.0,0.01,2.0,5.55,2112,100,2/3A,0.33618587732315064
0.0,0.0,2.5,3.51,2112,100,2/3A,0.20384804487228395
0.0,0.0,3.0,2.52,2112,100,2/3A,0.14876416683197022
0.0,0.0,3.5,2.06,2112,100,2/3A,0.12096910953521728
0.0,0.0,4.0,1.63,2112,100,2/3A,0.09903843879699707
0.0,0.0,4.5,1.38,2112,100,2/3A,0.0846812915802002
