Perror,Pfailure,SNR,iterations,n,n words,rate,time per word
0.0,1.0,0.5,10.0,768,100,2/3A,0.18417715549468994
0.0,1.0,1.0,10.0,768,100,2/3A,0.1843561577796936
0.0,0.89,1.5,9.74,768,100,2/3A,0.1787848377227783
0.0,0.07,2.0,5.3,768,100,2/3A,0.09898132801055909
0.0,0.0,2.5,2.97,768,100,2/3A,0.05655543088912964
0.0,0.0,3.0,2.13,768,100,2/3A,0.0407344913482666
0.0,0.0,3.5,1.72,768,100,2/3A,0.03328871726989746
0.0,0.0,4.0,1.39,768,100,2/3A,0.027360141277313232
0.0,0.0,4.5,1.15,768,100,2/3A,0.022990260124206543
