Perror,Pfailure,SNR,iterations,n,n words,rate,time per word
0.0,1.0,0.5,10.0,2016,100,1/2,0.5650611329078674
0.0,1.0,1.0,10.0,2016,100,1/2,0.5766371774673462
0.0,0.73,1.5,9.61,2016,100,1/2,0.5391301488876343
0.0,0.0,2.0,5.68,2016,100,1/2,0.32523465156555176
0.0,0.0,2.5,3.86,2016,100,1/2,0.20490307807922364
0.0,0.0,3.0,3.05,2016,100,1/2,0.163109450340271
0.0,0.0,3.5,2.47,2016,100,1/2,0.1364641523361206
0.0,0.0,4.0,2.12,2016,100,1/2,0.12318318128585816
0.0,0.0,4.5,1.92,2016,100,1/2,0.11377808570861817
