Perror,Pfailure,SNR,iterations,n,n words,rate,time per word
0.0,1.0,0.5,10.0,1920,100,2/3A,0.5265588212013245
0.0,1.0,1.0,10.0,1920,100,2/3A,0.5314032411575318
0.0,0.96,1.5,9.94,1920,100,2/3A,0.5297113490104676
0.0,0.0,2.0,5.46,1920,100,2/3A,0.302565016746521
0.0,0.0,2.5,3.4,1920,100,2/3A,0.1823498463630676
0.0,0.0,3.0,2.46,1920,100,2/3A,0.13256664752960204
0.0,0.0,3.5,2.03,1920,100,2/3A,0.11361005067825318
0.0,0.0,4.0,1.6,1920,100,2/3A,0.09372292518615723
0.0,0.0,4.5,1.29,1920,100,2/3A,0.07973450899124146
