Perror,Pfailure,SNR,iterations,n,n words,rate,time per word
0.0,1.0,0.5,10.0,1920,100,3/4A,0.5547635579109191
0.0,1.0,1.0,10.0,1920,100,3/4A,0.5548426055908203
0.0,1.0,1.5,10.0,1920,100,3/4A,0.5583374547958374
0.0,0.06,2.0,6.58,1920,100,3/4A,0.3710280203819275
0.0,0.0,2.5,3.43,1920,100,3/4A,0.19840084075927733
0.0,0.0,3.0,2.37,1920,100,3/4A,0.1359414577484131
0.0,0.0,3.5,1.88,1920,100,3/4A,0.10949081182479858
0.0,0.0,4.0,1.47,1920,100,3/4A,0.09064908742904663
0.0,0.0,4.5,1.16,1920,100,3/4A,0.07275464057922364
