Perror,Pfailure,SNR,iterations,n,n words,rate,time per word
0.0,1.0,0.5,10.0,1536,100,5/6,0.41835345268249513
0.0,1.0,1.0,10.0,1536,100,5/6,0.41739511013031005
0.0,1.0,1.5,10.0,1536,100,5/6,0.4312556481361389
0.0,0.68,2.0,9.23,1536,100,5/6,0.4230514049530029
0.0,0.0,2.5,4.13,1536,100,5/6,0.185401771068573
0.0,0.0,3.0,2.4,1536,100,5/6,0.11179520606994629
0.0,0.0,3.5,1.73,1536,100,5/6,0.0794095015525818
0.0,0.0,4.0,1.29,1536,100,5/6,0.06323562145233154
0.0,0.0,4.5,1.11,1536,100,5/6,0.05432283878326416
