Perror,Pfailure,SNR,iterations,n,n words,rate,time per word
0.0,1.0,0.5,10.0,576,100,3/4A,0.1405004596710205
0.0,1.0,1.0,10.0,576,100,3/4A,0.140298593044281
0.0,0.99,1.5,9.98,576,100,3/4A,0.13964621782302855
0.0,0.18,2.0,6.0,576,100,3/4A,0.0851181435585022
0.0,0.0,2.5,2.93,576,100,3/4A,0.042363603115081784
0.0,0.0,3.0,1.98,576,100,3/4A,0.029116644859313964
0.0,0.0,3.5,1.47,576,100,3/4A,0.021992740631103517
0.0,0.0,4.0,1.13,576,100,3/4A,0.017280220985412598
0.0,0.0,4.5,0.98,576,100,3/4A,0.015131938457489013
