Perror,Pfailure,SNR,iterations,n,n words,rate,time per word
0.0,1.0,0.5,10.0,1056,100,3/4A,0.29981725215911864
0.0,1.0,1.0,10.0,1056,100,3/4A,0.29441769361495973
0.0,1.0,1.5,10.0,1056,100,3/4A,0.2969599986076355
0.0,0.04,2.0,6.17,1056,100,3/4A,0.18272046327590943
0.0,0.0,2.5,3.25,1056,100,3/4A,0.09795202016830444
0.0,0.0,3.0,2.23,1056,100,3/4A,0.06867524623870849
0.0,0.0,3.5,1.67,1056,100,3/4A,0.05182075262069702
0.0,0.0,4.0,1.26,1056,100,3/4A,0.04042544841766357
0.0,0.0,4.5,1.07,1056,100,3/4A,0.035131101608276365
