Perror,Pfailure,SNR,iterations,n,n words,rate,time per word
0.0,1.0,0.5,10.0,1920,100,5/6,0.5532765030860901
0.0,1.0,1.0,10.0,1920,100,5/6,0.5668492150306702
0.0,1.0,1.5,10.0,1920,100,5/6,0.5584490394592285
0.0,0.74,2.0,9.32,1920,100,5/6,0.5270331645011902
0.0,0.01,2.5,4.02,1920,100,5/6,0.2262026572227478
0.0,0.0,3.0,2.37,1920,100,5/6,0.13761630535125732
0.0,0.0,3.5,1.75,1920,100,5/6,0.10204226970672607
0.0,0.0,4.0,1.25,1920,100,5/6,0.07510356426239014
0.0,0.0,4.5,1.06,1920,100,5/6,0.06514451503753663
