Perror,Pfailure,SNR,iterations,n,n words,rate,time per word
0.0,1.0,0.5,10.0,1728,100,3/4A,0.510089704990387
0.0,1.0,1.0,10.0,1728,100,3/4A,0.5066654419898987
0.0,1.0,1.5,10.0,1728,100,3/4A,0.48304138898849486
0.0,0.06,2.0,6.52,1728,100,3/4A,0.32189452171325683
0.0,0.0,2.5,3.39,1728,100,3/4A,0.17260881662368774
0.0,0.0,3.0,2.31,1728,100,3/4A,0.12312383174896241
0.0,0.0,3.5,1.82,1728,100,3/4A,0.09357943058013916
0.0,0.0,4.0,1.38,1728,100,3/4A,0.07417816638946534
0.0,0.0,4.5,1.13,1728,100,3/4A,0.05947570562362671
