Perror,Pfailure,SNR,iterations,n,n words,rate,time per word
0.0,1.0,0.5,10.0,1440,100,5/6,0.4157239866256714
0.0,1.0,1.0,10.0,1440,100,5/6,0.4125211668014526
0.0,1.0,1.5,10.0,1440,100,5/6,0.41165302753448485
0.0,0.66,2.0,8.95,1440,100,5/6,0.37463257074356077
0.0,0.0,2.5,3.98,1440,100,5/6,0.16995755910873414
0.0,0.0,3.0,2.35,1440,100,5/6,0.10268470287322998
0.0,0.0,3.5,1.67,1440,100,5/6,0.07286138772964477
0.0,0.0,4.0,1.23,1440,100,5/6,0.05527030944824219
0.0,0.0,4.5,1.07,1440,100,5/6,0.04885041236877442
