Perror,Pfailure,SNR,iterations,n,n words,rate,time per word
0.0,1.0,0.5,10.0,2304,100,3/4B,0.6921750092506409
0.0,1.0,1.0,10.0,2304,100,3/4B,0.7129587769508362
0.0,1.0,1.5,10.0,2304,100,3/4B,0.7150027704238892
0.0,0.07,2.0,6.64,2304,100,3/4B,0.4721113848686218
0.0,0.0,2.5,3.63,2304,100,3/4B,0.25810436725616454
0.0,0.0,3.0,2.54,2304,100,3/4B,0.18422894239425658
0.0,0.0,3.5,2.01,2304,100,3/4B,0.14322019577026368
0.0,0.0,4.0,1.56,2304,100,3/4B,0.11311150074005127
0.0,0.0,4.5,1.2,2304,100,3/4B,0.09266409635543824
