Perror,Pfailure,SNR,iterations,n,n words,rate,time per word
0.0,1.0,0.5,10.0,2016,100,3/4A,0.5857497453689575
0.0,1.0,1.0,10.0,2016,100,3/4A,0.6030370211601257
0.0,1.0,1.5,10.0,2016,100,3/4A,0.5943870115280151
0.0,0.09,2.0,6.67,2016,100,3/4A,0.3935891771316528
0.0,0.0,2.5,3.51,2016,100,3/4A,0.2067935609817505
0.0,0.0,3.0,2.38,2016,100,3/4A,0.15048919677734374
0.0,0.0,3.5,1.87,2016,100,3/4A,0.11713549137115478
0.0,0.0,4.0,1.5,2016,100,3/4A,0.09870376110076905
0.0,0.0,4.5,1.21,2016,100,3/4A,0.077404043674469
