Perror,Pfailure,SNR,iterations,n,n words,rate,time per word
0.0,1.0,0.5,10.0,1248,100,3/4A,0.35632709264755247
0.0,1.0,1.0,10.0,1248,100,3/4A,0.3605066680908203
0.0,1.0,1.5,10.0,1248,100,3/4A,0.35482245922088623
0.0,0.1,2.0,6.05,1248,100,3/4A,0.21132547855377198
0.0,0.0,2.5,3.09,1248,100,3/4A,0.11138684749603271
0.0,0.0,3.0,2.25,1248,100,3/4A,0.08254388093948364
0.0,0.0,3.5,1.67,1248,100,3/4A,0.06291859865188598
0.0,0.0,4.0,1.34,1248,100,3/4A,0.05180851459503174
0.0,0.0,4.5,1.05,1248,100,3/4A,0.04270696401596069
