Perror,Pfailure,SNR,iterations,n,n words,rate,time per word
0.0,1.0,0.5,10.0,960,100,2/3B,0.25031988382339476
0.0,1.0,1.0,10.0,960,100,2/3B,0.248721821308136
0.0,0.94,1.5,9.85,960,100,2/3B,0.24472166061401368
0.0,0.03,2.0,4.91,960,100,2/3B,0.12664300203323364
0.0,0.0,2.5,3.06,960,100,2/3B,0.08152643442153931
0.0,0.0,3.0,2.17,960,100,2/3B,0.05935089349746704
0.0,0.0,3.5,1.73,960,100,2/3B,0.04701319694519043
0.0,0.0,4.0,1.34,960,100,2/3B,0.03703040599822998
0.0,0.0,4.5,1.17,960,100,2/3B,0.03105659246444702
