Perror,Pfailure,SNR,iterations,n,n words,rate,time per word
0.0,1.0,0.5,10.0,864,100,2/3B,0.21623872280120848
0.0,1.0,1.0,10.0,864,100,2/3B,0.22081024408340455
0.0,0.96,1.5,9.84,864,100,2/3B,0.21589269876480102
0.0,0.04,2.0,5.06,864,100,2/3B,0.11321734189987183
0.0,0.0,2.5,2.97,864,100,2/3B,0.06904996871948242
0.0,0.0,3.0,2.19,864,100,2/3B,0.049500627517700194
0.0,0.0,3.5,1.72,864,100,2/3B,0.03892110586166382
0.0,0.0,4.0,1.32,864,100,2/3B,0.03045551300048828
0.0,0.0,4.5,1.16,864,100,2/3B,0.027046411037445067
