Perror,Pfailure,SNR,iterations,n,n words,rate,time per word
0.0,1.0,0.5,10.0,1728,100,1/2,0.49461413860321046
0.0,1.0,1.0,10.0,1728,100,1/2,0.4718859028816223
0.0,0.71,1.5,9.54,1728,100,1/2,0.4558867955207825
0.0,0.0,2.0,5.51,1728,100,1/2,0.2736323809623718
0.0,0.0,2.5,3.86,1728,100,1/2,0.18610790252685547
0.0,0.0,3.0,2.92,1728,100,1/2,0.15307811498641968
0.0,0.0,3.5,2.36,1728,100,1/2,0.12055004119873047
0.0,0.0,4.0,2.05,1728,100,1/2,0.10574455738067627
0.0,0.0,4.5,1.86,1728,100,1/2,0.09522233486175537
