Perror,Pfailure,SNR,iterations,n,n words,rate,time per word
0.0,1.0,0.5,10.0,2112,100,1/2,0.6085260653495789
0.0,1.0,1.0,10.0,2112,100,1/2,0.6069654035568237
0.0,0.81,1.5,9.72,2112,100,1/2,0.5446786546707153
0.0,0.0,2.0,5.81,2112,100,1/2,0.3487430500984192
0.0,0.0,2.5,4.03,2112,100,1/2,0.2445797824859619
0.0,0.0,3.0,3.12,2112,100,1/2,0.19260261774063112
0.0,0.0,3.5,2.5,2112,100,1/2,0.151308376789093
0.0,0.0,4.0,2.17,2112,100,1/2,0.12891746997833253
0.0,0.0,4.5,1.93,2112,100,1/2,0.1236676287651062
