Perror,Pfailure,SNR,iterations,n,n words,rate,time per word
0.0,1.0,0.5,10.0,1536,100,2/3B,0.42513078212738037
0.0,1.0,1.0,10.0,1536,100,2/3B,0.4225324773788452
0.0,0.98,1.5,9.97,1536,100,2/3B,0.4317195057868958
0.0,0.01,2.0,5.24,1536,100,2/3B,0.2141877818107605
0.0,0.0,2.5,3.3,1536,100,2/3B,0.13940299034118653
0.0,0.0,3.0,2.42,1536,100,2/3B,0.10652112483978271
0.0,0.0,3.5,1.88,1536,100,2/3B,0.08126993417739868
0.0,0.0,4.0,1.53,1536,100,2/3B,0.07085283041000366
0.0,0.0,4.5,1.31,1536,100,2/3B,0.05777193784713745
