Perror,Pfailure,SNR,iterations,n,n words,rate,time per word
0.0,1.0,0.5,10.0,1824,100,1/2,0.5322720623016357
0.0,1.0,1.0,10.0,1824,100,1/2,0.5234704852104187
0.0,0.66,1.5,9.52,1824,100,1/2,0.49284967422485354
0.0,0.0,2.0,5.56,1824,100,1/2,0.2836733293533325
0.0,0.0,2.5,3.8,1824,100,1/2,0.20014991521835326
0.0,0.0,3.0,3.04,1824,100,1/2,0.15705979108810425
0.0,0.0,3.5,2.44,1824,100,1/2,0.12054068088531494
0.0,0.0,4.0,2.05,1824,100,1/2,0.10110249280929566
0.0,0.0,4.5,1.89,1824,100,1/2,0.09286165237426758
