Perror,Pfailure,SNR,iterations,n,n words,rate,time per word
0.0,1.0,0.5,10.0,2304,100,3/4A,0.6737860369682313
0.0,1.0,1.0,10.0,2304,100,3/4A,0.6792199039459228
0.0,1.0,1.5,10.0,2304,100,3/4A,0.6790699219703674
0.0,0.05,2.0,6.46,2304,100,3/4A,0.44544564008712767
0.0,0.0,2.5,3.46,2304,100,3/4A,0.23985659837722778
0.0,0.0,3.0,2.31,2304,100,3/4A,0.16413501501083375
0.0,0.0,3.5,1.9,2304,100,3/4A,0.14058278799057006
0.0,0.0,4.0,1.44,2304,100,3/4A,0.10946892976760864
0.0,0.0,4.5,1.22,2304,100,3/4A,0.08960684537887573
