Perror,Pfailure,SNR,iterations,n,n words,rate,time per word
0.0,1.0,0.5,10.0,768,100,5/6,0.19679752588272095
0.0,1.0,1.0,10.0,768,100,5/6,0.19573533535003662
0.0,1.0,1.5,10.0,768,100,5/6,0.19578732490539552
0.0,0.55,2.0,8.24,768,100,5/6,0.16173169374465943
0.0,0.0,2.5,3.64,768,100,5/6,0.07296401023864746
0.0,0.0,3.0,2.02,768,100,5/6,0.041061766147613525
0.0,0.0,3.5,1.43,768,100,5/6,0.029563567638397216
0.0,0.0,4.0,1.1,768,100,5/6,0.02314420700073242
0.0,0.0,4.5,0.92,768,100,5/6,0.01973144769668579
