Perror,Pfailure,SNR,iterations,n,n words,rate,time per word
0.0,1.0,0.5,10.0,672,100,2/3B,0.1608536148071289
0.0,1.0,1.0,10.0,672,100,2/3B,0.15887251615524292
0.0,0.83,1.5,9.57,672,100,2/3B,0.1541292953491211
0.0,0.03,2.0,4.84,672,100,2/3B,0.0780964994430542
0.0,0.0,2.5,2.84,672,100,2/3B,0.04720877647399902
0.0,0.0,3.0,2.08,672,100,2/3B,0.034538724422454835
0.0,0.0,3.5,1.63,672,100,2/3B,0.02768888235092163
0.0,0.0,4.0,1.25,672,100,2/3B,0.021420688629150392
0.0,0.0,4.5,1.1,672,100,2/3B,0.019222145080566407
