Perror,Pfailure,SNR,iterations,n,n words,rate,time per word
0.0,1.0,0.5,10.0,1920,100,3/4B,0.5827099156379699
0.0,1.0,1.0,10.0,1920,100,3/4B,0.5795887780189514
0.0,1.0,1.5,10.0,1920,100,3/4B,0.5716730618476867
0.0,0.09,2.0,6.4,1920,100,3/4B,0.3761181664466858
0.0,0.0,2.5,3.55,1920,100,3/4B,0.20901569366455078
0.0,0.0,3.0,2.44,1920,100,3/4B,0.14342425346374513
0.0,0.0,3.5,1.84,1920,100,3/4B,0.10861330032348633
0.0,0.0,4.0,1.52,1920,100,3/4B,0.09191086053848267
0.0,0.0,4.5,1.19,1920,100,3/4B,0.07416805267333984
