Perror,Pfailure,SNR,iterations,n,n words,rate,time per word
0.0,1.0,0.5,10.0,1056,100,1/2,0.2843671989440918
0.0,1.0,1.0,10.0,1056,100,1/2,0.3010933208465576
0.0,0.57,1.5,9.06,1056,100,1/2,0.2609226155281067
0.0,0.0,2.0,5.23,1056,100,1/2,0.14943882942199707
0.0,0.0,2.5,3.58,1056,100,1/2,0.103261559009552
0.0,0.0,3.0,2.73,1056,100,1/2,0.08264652967453003
0.0,0.0,3.5,2.25,1056,100,1/2,0.0673447871208191
0.0,0.0,4.0,1.93,1056,100,1/2,0.058840653896331786
0.0,0.0,4.5,1.73,1056,100,1/2,0.05252612352371216
