Perror,Pfailure,SNR,iterations,n,n words,rate,time per word
0.0,1.0,0.5,10.0,672,100,2/3A,0.15848580598831177
0.0,1.0,1.0,10.0,672,100,2/3A,0.15835325241088868
0.0,0.88,1.5,9.77,672,100,2/3A,0.15522363185882568
0.0,0.06,2.0,5.42,672,100,2/3A,0.08694632053375244
0.0,0.0,2.5,3.12,672,100,2/3A,0.05081209659576416
0.0,0.0,3.0,2.1,672,100,2/3A,0.03461018562316895
0.0,0.0,3.5,1.72,672,100,2/3A,0.028619790077209474
0.0,0.0,4.0,1.25,672,100,2/3A,0.021273889541625977
0.0,0.0,4.5,1.11,672,100,2/3A,0.01912118911743164
