Perror,Pfailure,SNR,iterations,n,n words,rate,time per word
0.0,1.0,0.5,10.0,2304,100,2/3A,0.6317824053764344
0.0,1.0,1.0,10.0,2304,100,2/3A,0.6488935828208924
0.0,0.99,1.5,9.99,2304,100,2/3A,0.646485583782196
0.0,0.0,2.0,5.5,2304,100,2/3A,0.3585599184036255
0.0,0.0,2.5,3.46,2304,100,2/3A,0.2252449059486389
0.0,0.0,3.0,2.6,2304,100,2/3A,0.1787743330001831
0.0,0.0,3.5,2.04,2304,100,2/3A,0.14159908056259154
0.0,0.0,4.0,1.68,2304,100,2/3A,0.11501465082168578
0.0,0.0,4.5,1.39,2304,100,2/3A,0.09246723175048828
