Perror,Pfailure,SNR,iterations,n,n words,rate,time per word
0.0,1.0,0.5,10.0,2208,100,1/2,0.6041181302070617
0.0,1.0,1.0,10.0,2208,100,1/2,0.6279325938224792
0.0,0.8,1.5,9.69,2208,100,1/2,0.5899367499351501
0.0,0.02,2.0,5.89,2208,100,1/2,0.3736149573326111
0.0,0.0,2.5,3.96,2208,100,1/2,0.24944305896759034
0.0,0.0,3.0,3.15,2208,100,1/2,0.2025849413871765
0.0,0.0,3.5,2.54,2208,100,1/2,0.17416053771972656
0.0,0.0,4.0,2.11,2208,100,1/2,0.1452634072303772
0.0,0.0,4.5,1.93,2208,100,1/2,0.12703054666519165
