Perror,Pfailure,SNR,iterations,n,n words,rate,time per word
0.0,1.0,0.5,10.0,1536,100,3/4A,0.4311950945854187
0.0,1.0,1.0,10.0,1536,100,3/4A,0.44094069480896
0.0,1.0,1.5,10.0,1536,100,3/4A,0.44591655015945436
0.0,0.08,2.0,6.54,1536,100,3/4A,0.2965100336074829
0.0,0.0,2.5,3.39,1536,100,3/4A,0.15576630115509033
0.0,0.0,3.0,2.37,1536,100,3/4A,0.11241204261779786
0.0,0.0,3.5,1.81,1536,100,3/4A,0.08247533559799194
0.0,0.0,4.0,1.33,1536,100,3/4A,0.06521494626998901
0.0,0.0,4.5,1.16,1536,100,3/4A,0.05775223255157471
