Perror,Pfailure,SNR,iterations,n,n words,rate,time per word
0.0,1.0,0.5,10.0,672,100,3/4B,0.18119489431381225
0.0,1.0,1.0,10.0,672,100,3/4B,0.17996124744415284
0.0,0.97,1.5,9.93,672,100,3/4B,0.1773878049850464
0.0,0.13,2.0,6.01,672,100,3/4B,0.10849973678588867
0.0,0.0,2.5,2.99,672,100,3/4B,0.05482520580291748
0.0,0.0,3.0,2.12,672,100,3/4B,0.03946022033691406
0.0,0.0,3.5,1.66,672,100,3/4B,0.03134903430938721
0.0,0.0,4.0,1.3,672,100,3/4B,0.024851367473602295
0.0,0.0,4.5,1.04,672,100,3/4B,0.020188002586364745
