Perror,Pfailure,SNR,iterations,n,n words,rate,time per word
0.0,1.0,0.5,10.0,1632,100,1/2,0.46764698505401614
0.0,1.0,1.0,10.0,1632,100,1/2,0.4344544744491577
0.0,0.68,1.5,9.42,1632,100,1/2,0.3935405230522156
0.0,0.0,2.0,5.51,1632,100,1/2,0.26357396841049197
0.0,0.0,2.5,3.91,1632,100,1/2,0.18562509775161742
0.0,0.0,3.0,2.94,1632,100,1/2,0.13850543022155762
0.0,0.0,3.5,2.43,1632,100,1/2,0.11806162118911744
0.0,0.0,4.0,2.14,1632,100,1/2,0.11090567111968994
0.0,0.0,4.5,1.87,1632,100,1/2,0.08820132255554199
