Perror,Pfailure,SNR,iterations,n,n words,rate,time per word
0.0,1.0,0.5,10.0,1152,100,2/3B,0.3024534010887146
0.0,1.0,1.0,10.0,1152,100,2/3B,0.2951230812072754
0.0,0.92,1.5,9.82,1152,100,2/3B,0.2935396814346313
0.0,0.0,2.0,5.0,1152,100,2/3B,0.14985331058502196
0.0,0.0,2.5,3.1,1152,100,2/3B,0.09634928464889526
0.0,0.0,3.0,2.28,1152,100,2/3B,0.07388728141784667
0.0,0.0,3.5,1.83,1152,100,2/3B,0.05986709594726562
0.0,0.0,4.0,1.41,1152,100,2/3B,0.045686988830566405
0.0,0.0,4.5,1.18,1152,100,2/3B,0.04185834646224976
