Perror,Pfailure,SNR,iterations,n,n words,rate,time per word
0.0,1.0,0.5,10.0,1056,100,3/4B,0.30791219234466555
0.0,1.0,1.0,10.0,1056,100,3/4B,0.308707754611969
0.0,1.0,1.5,10.0,1056,100,3/4B,0.3035902190208435
0.0,0.1,2.0,6.12,1056,100,3/4B,0.1866898775100708
0.0,0.0,2.5,3.21,1056,100,3/4B,0.09871376752853393
0.0,0.0,3.0,2.21,1056,100,3/4B,0.06950584411621094
0.0,0.0,3.5,1.79,1056,100,3/4B,0.05988865852355957
0.0,0.0,4.0,1.33,1056,100,3/4B,0.04436155319213867
0.0,0.0,4.5,1.13,1056,100,3/4B,0.038190128803253176
