Perror,Pfailure,SNR,iterations,n,n words,rate,time per word
0.0,1.0,0.5,10.0,2208,100,2/3A,0.6121209311485291
0.0,1.0,1.0,10.0,2208,100,2/3A,0.6255139541625977
0.0,0.99,1.5,9.98,2208,100,2/3A,0.6162482905387878
0.0,0.0,2.0,5.43,2208,100,2/3A,0.3430629301071167
0.0,0.0,2.5,3.43,2208,100,2/3A,0.21109899759292602
0.0,0.0,3.0,2.54,2208,100,2/3A,0.16154774904251099
0.0,0.0,3.5,1.99,2208,100,2/3A,0.12941303968429566
0.0,0.0,4.0,1.68,2208,100,2/3A,0.11176475524902343
0.0,0.0,4.5,1.34,2208,100,2/3A,0.08819281578063964
