Perror,Pfailure,SNR,iterations,n,n words,rate,time per word
0.0,1.0,0.5,10.0,1920,100,1/2,0.5225186181068421
0.0,1.0,1.0,10.0,1920,100,1/2,0.5433874773979187
0.0,0.7,1.5,9.46,1920,100,1/2,0.4961565160751343
0.0,0.0,2.0,5.62,1920,100,1/2,0.2959399890899658
0.0,0.0,2.5,3.94,1920,100,1/2,0.20733009099960328
0.0,0.0,3.0,3.06,1920,100,1/2,0.16316946268081664
0.0,0.0,3.5,2.5,1920,100,1/2,0.13238868951797486
0.0,0.0,4.0,2.08,1920,100,1/2,0.11242296934127807
0.0,0.0,4.5,1.92,1920,100,1/2,0.10491793155670166
