Perror,Pfailure,SNR,iterations,n,n words,rate,time per word
0.0,1.0,0.5,10.0,960,100,3/4B,0.2744902610778809
0.0,1.0,1.0,10.0,960,100,3/4B,0.2787696647644043
0.0,1.0,1.5,10.0,960,100,3/4B,0.28709093570709227
0.0,0.11,2.0,6.16,960,100,3/4B,0.17410702705383302
0.0,0.0,2.5,3.22,960,100,3/4B,0.09261984586715698
0.0,0.0,3.0,2.17,960,100,3/4B,0.06310105800628663
0.0,0.0,3.5,1.62,960,100,3/4B,0.0480420446395874
0.0,0.0,4.0,1.31,960,100,3/4B,0.0385173225402832
0.0,0.0,4.5,1.12,960,100,3/4B,0.03425964117050171
