Perror,Pfailure,SNR,iterations,n,n words,rate,time per word
0.0,1.0,0.5,10.0,2016,100,2/3B,0.5604801464080811
0.0,1.0,1.0,10.0,2016,100,2/3B,0.5715241765975952
0.0,0.98,1.5,9.97,2016,100,2/3B,0.5385152888298035
0.0,0.0,2.0,5.52,2016,100,2/3B,0.30116216659545897
0.0,0.0,2.5,3.32,2016,100,2/3B,0.18163243532180787
0.0,0.0,3.0,2.44,2016,100,2/3B,0.1389583396911621
0.0,0.0,3.5,1.99,2016,100,2/3B,0.11533360004425049
0.0,0.0,4.0,1.65,2016,100,2/3B,0.10597245693206787
0.0,0.0,4.5,1.35,2016,100,2/3B,0.08616630315780639
