Perror,Pfailure,SNR,iterations,n,n words,rate,time per word
0.0,1.0,0.5,10.0,2304,100,1/2,0.6440560436248779
0.0,1.0,1.0,10.0,2304,100,1/2,0.6586503672599793
0.0,0.76,1.5,9.61,2304,100,1/2,0.6259213566780091
0.0,0.0,2.0,5.71,2304,100,1/2,0.37204107761383054
0.0,0.0,2.5,3.89,2304,100,1/2,0.2507037878036499
0.0,0.0,3.0,3.06,2304,100,1/2,0.21389583349227906
0.0,0.0,3.5,2.46,2304,100,1/2,0.1633208227157593
0.0,0.0,4.0,2.19,2304,100,1/2,0.14578437089920043
0.0,0.0,4.5,1.91,2304,100,1/2,0.13458958387374878
