Perror,Pfailure,SNR,iterations,n,n words,rate,time per word
0.0,1.0,0.5,10.0,1824,100,3/4B,0.5522574472427368
0.0,1.0,1.0,10.0,1824,100,3/4B,0.5481947422027588
0.0,1.0,1.5,10.0,1824,100,3/4B,0.5520269060134888
0.0,0.03,2.0,6.2,1824,100,3/4B,0.35545658588409423
0.0,0.0,2.5,3.29,1824,100,3/4B,0.18717350959777831
0.0,0.0,3.0,2.37,1824,100,3/4B,0.13743657112121582
0.0,0.0,3.5,1.88,1824,100,3/4B,0.10688189506530761
0.0,0.0,4.0,1.47,1824,100,3/4B,0.09003769397735596
0.0,0.0,4.5,1.19,1824,100,3/4B,0.07268241405487061
