Perror,Pfailure,SNR,iterations,n,n words,rate,time per word
0.0,1.0,0.5,10.0,2208,100,3/4B,0.6683397507667541
0.0,1.0,1.0,10.0,2208,100,3/4B,0.66428147315979
0.0,1.0,1.5,10.0,2208,100,3/4B,0.6653917121887207
0.0,0.08,2.0,6.76,2208,100,3/4B,0.4411923861503601
0.0,0.0,2.5,3.63,2208,100,3/4B,0.24402999877929688
0.0,0.0,3.0,2.46,2208,100,3/4B,0.17040784358978273
0.0,0.0,3.5,2.0,2208,100,3/4B,0.14209806203842162
0.0,0.0,4.0,1.53,2208,100,3/4B,0.11474093198776245
0.0,0.0,4.5,1.23,2208,100,3/4B,0.0883205485343933
