Perror,Pfailure,SNR,iterations,n,n words,rate,time per word
0.0,1.0,0.5,10.0,768,100,2/3B,0.1833142638206482
0.0,1.0,1.0,10.0,768,100,2/3B,0.18287945985794068
0.0,0.86,1.5,9.62,768,100,2/3B,0.17547649621963501
0.0,0.05,2.0,5.03,768,100,2/3B,0.09352864742279053
0.0,0.0,2.5,2.97,768,100,2/3B,0.055965023040771486
0.0,0.0,3.0,2.19,768,100,2/3B,0.041818320751190186
0.0,0.0,3.5,1.66,768,100,2/3B,0.03221315622329712
0.0,0.0,4.0,1.27,768,100,2/3B,0.025072927474975585
0.0,0.0,4.5,1.17,768,100,2/3B,0.023231942653656006
