Perror,Pfailure,SNR,iterations,n,n words,rate,time per word
0.0,1.0,0.5,10.0,1056,100,2/3B,0.2836725568771362
0.0,1.0,1.0,10.0,1056,100,2/3B,0.27219789266586303
0.0,0.91,1.5,9.87,1056,100,2/3B,0.2744814658164978
0.0,0.02,2.0,5.16,1056,100,2/3B,0.14769281387329103
0.0,0.0,2.5,3.19,1056,100,2/3B,0.09117591619491577
0.0,0.0,3.0,2.37,1056,100,2/3B,0.06879517316818237
0.0,0.0,3.5,1.72,1056,100,2/3B,0.05072168588638306
0.0,0.0,4.0,1.36,1056,100,2/3B,0.04262114524841309
0.0,0.0,4.5,1.22,1056,100,2/3B,0.03626812934875488
