Perror,Pfailure,SNR,iterations,n,n words,rate,time per word
0.0,1.0,0.5,10.0,864,100,1/2,0.21008600234985353
0.0,1.0,1.0,10.0,864,100,1/2,0.20973653078079224
0.0,0.54,1.5,8.98,864,100,1/2,0.19930160999298097
0.0,0.0,2.0,4.86,864,100,1/2,0.1097001838684082
0.0,0.0,2.5,3.34,864,100,1/2,0.07594043731689454
0.0,0.0,3.0,2.59,864,100,1/2,0.05918136119842529
0.0,0.0,3.5,2.18,864,100,1/2,0.049765892028808593
0.0,0.0,4.0,1.82,864,100,1/2,0.041632766723632815
0.0,0.0,4.5,1.53,864,100,1/2,0.03574719190597534
