Perror,Pfailure,SNR,iterations,n,n words,rate,time per word
0.0,1.0,0.5,10.0,2304,100,2/3B,0.6425122451782227
0.0,1.0,1.0,10.0,2304,100,2/3B,0.6511113572120667
0.0,0.99,1.5,9.99,2304,100,2/3B,0.647189359664917
0.0,0.0,2.0,5.5,2304,100,2/3B,0.36175854921340944
0.0,0.0,2.5,3.46,2304,100,2/3B,0.2250075912475586
0.0,0.0,3.0,2.6,2304,100,2/3B,0.17756713390350343
0.0,0.0,3.5,2.04,2304,100,2/3B,0.14039825916290283
0.0,0.0,4.0,1.68,2304,100,2/3B,0.11425151824951171
0.0,0.0,4.5,1.39,2304,100,2/3B,0.09558381080627441
