Perror,Pfailure,SNR,iterations,n,n words,rate,time per word
0.0,1.0,0.5,10.0,1344,100,5/6,0.3641406726837158
0.0,1.0,1.0,10.0,1344,100,5/6,0.36170372247695926
0.0,1.0,1.5,10.0,1344,100,5/6,0.35978647708892825
0.0,0.7,2.0,9.02,1344,100,5/6,0.324987416267395
0.0,0.03,2.5,4.1,1344,100,5/6,0.1594344401359558
0.0,0.0,3.0,2.38,1344,100,5/6,0.09515992641448974
0.0,0.0,3.5,1.66,1344,100,5/6,0.06519256353378296
0.0,0.0,4.0,1.18,1344,100,5/6,0.045965662002563475
0.0,0.0,4.5,1.05,1344,100,5/6,0.04291285753250122
