Perror,Pfailure,SNR,iterations,n,n words,rate,time per word
0.0,1.0,0.5,10.0,672,100,3/4A,0.16718051910400392
0.0,1.0,1.0,10.0,672,100,3/4A,0.1664459490776062
0.0,0.98,1.5,9.96,672,100,3/4A,0.1667616868019104
0.0,0.14,2.0,6.23,672,100,3/4A,0.10526488304138183
0.0,0.0,2.5,3.05,672,100,3/4A,0.05257241725921631
0.0,0.0,3.0,2.01,672,100,3/4A,0.03511275053024292
0.0,0.0,3.5,1.58,672,100,3/4A,0.02788165807723999
0.0,0.0,4.0,1.18,672,100,3/4A,0.02135049343109131
0.0,0.0,4.5,1.03,672,100,3/4A,0.01879687786102295
