Perror,Pfailure,SNR,iterations,n,n words,rate,time per word
0.0,1.0,0.5,10.0,1344,100,2/3A,0.3723701238632202
0.0,1.0,1.0,10.0,1344,100,2/3A,0.3805439209938049
0.0,0.97,1.5,9.92,1344,100,2/3A,0.3571024489402771
0.0,0.01,2.0,5.41,1344,100,2/3A,0.19830902814865112
0.0,0.0,2.5,3.25,1344,100,2/3A,0.12085778236389161
0.0,0.0,3.0,2.32,1344,100,2/3A,0.08626017570495606
0.0,0.0,3.5,1.89,1344,100,2/3A,0.0707495665550232
0.0,0.0,4.0,1.49,1344,100,2/3A,0.05826199769973755
0.0,0.0,4.5,1.26,1344,100,2/3A,0.04819295883178711
