Perror,Pfailure,SNR,iterations,n,n words,rate,time per word
0.0,1.0,0.5,10.0,864,100,2/3A,0.21568530797958374
0.0,1.0,1.0,10.0,864,100,2/3A,0.2183748960494995
0.0,0.97,1.5,9.93,864,100,2/3A,0.2144913673400879
0.0,0.03,2.0,5.05,864,100,2/3A,0.11217707633972168
0.0,0.0,2.5,3.07,864,100,2/3A,0.06851674079895019
0.0,0.0,3.0,2.13,864,100,2/3A,0.049363651275634766
0.0,0.0,3.5,1.76,864,100,2/3A,0.040991756916046146
0.0,0.0,4.0,1.37,864,100,2/3A,0.032548260688781736
0.0,0.0,4.5,1.15,864,100,2/3A,0.026688969135284422
