Perror,Pfailure,SNR,iterations,n,n words,rate,time per word
0.0,1.0,0.5,10.0,576,100,5/6,0.1414794111251831
0.0,1.0,1.0,10.0,576,100,5/6,0.14053902626037598
0.0,1.0,1.5,10.0,576,100,5/6,0.14094423294067382
0.0,0.54,2.0,7.99,576,100,5/6,0.11304582118988037
0.0,0.05,2.5,3.59,576,100,5/6,0.05160805940628052
0.0,0.0,3.0,1.99,576,100,5/6,0.029279055595397948
0.0,0.0,3.5,1.39,576,100,5/6,0.02088428497314453
0.0,0.0,4.0,1.05,576,100,5/6,0.016144468784332275
0.0,0.0,4.5,0.86,576,100,5/6,0.013449780941009522
