Perror,Pfailure,SNR,iterations,n,n words,rate,time per word
0.0,1.0,0.5,10.0,1632,100,5/6,0.4696263551712036
0.0,1.0,1.0,10.0,1632,100,5/6,0.4770014190673828
0.0,1.0,1.5,10.0,1632,100,5/6,0.46144442081451414
0.0,0.7,2.0,9.09,1632,100,5/6,0.43225199937820435
0.0,0.01,2.5,3.91,1632,100,5/6,0.18786922454833985
0.0,0.0,3.0,2.39,1632,100,5/6,0.12021869659423828
0.0,0.0,3.5,1.68,1632,100,5/6,0.08494693994522094
0.0,0.0,4.0,1.2,1632,100,5/6,0.06288904905319213
0.0,0.0,4.5,1.08,1632,100,5/6,0.0561270809173584
