Perror,Pfailure,SNR,iterations,n,n words,rate,time per word
0.0,1.0,0.5,10.0,1824,100,3/4A,0.5325323057174682
0.0,1.0,1.0,10.0,1824,100,3/4A,0.526298999786377
0.0,1.0,1.5,10.0,1824,100,3/4A,0.5362251377105713
0.0,0.07,2.0,6.22,1824,100,3/4A,0.3303733515739441
0.0,0.0,2.5,3.34,1824,100,3/4A,0.18658134698867798
0.0,0.0,3.0,2.32,1824,100,3/4A,0.1320210099220276
0.0,0.0,3.5,1.77,1824,100,3/4A,0.09656746864318848
0.0,0.0,4.0,1.43,1824,100,3/4A,0.08354963541030884
0.0,0.0,4.5,1.13,1824,100,3/4A,0.06728084802627564
