Perror,Pfailure,SNR,iterations,n,n words,rate,time per word
0.0,1.0,0.5,10.0,2208,100,5/6,0.6282997870445252
0.0,1.0,1.0,10.0,2208,100,5/6,0.6359805893898011
0.0,1.0,1.5,10.0,2208,100,5/6,0.629059636592865
0.0,0.72,2.0,9.31,2208,100,5/6,0.5970116257667542
0.0,0.0,2.5,4.11,2208,100,5/6,0.2592476391792297
0.0,0.0,3.0,2.48,2208,100,5/6,0.16382477045059204
0.0,0.0,3.5,1.78,2208,100,5/6,0.12083139657974243
0.0,0.0,4.0,1.32,2208,100,5/6,0.09167907238006592
0.0,0.0,4.5,1.11,2208,100,5/6,0.07743206024169921
