Perror,Pfailure,SNR,iterations,n,n words,rate,time per word
0.0,1.0,0.5,10.0,1728,100,2/3B,0.4786627197265625
0.0,1.0,1.0,10.0,1728,100,2/3B,0.4800924015045166
0.0,0.99,1.5,9.97,1728,100,2/3B,0.4697022533416748
0.0,0.01,2.0,5.4,1728,100,2/3B,0.2665721416473389
0.0,0.0,2.5,3.22,1728,100,2/3B,0.1637688970565796
0.0,0.0,3.0,2.29,1728,100,2/3B,0.11819465875625611
0.0,0.0,3.5,1.9,1728,100,2/3B,0.09385138273239135
0.0,0.0,4.0,1.56,1728,100,2/3B,0.07914324283599854
0.0,0.0,4.5,1.22,1728,100,2/3B,0.062418301105499265
