Perror,Pfailure,SNR,iterations,n,n words,rate,time per word
0.0,1.0,0.5,10.0,864,100,3/4A,0.2318780755996704
0.0,1.0,1.0,10.0,864,100,3/4A,0.23438802242279053
0.0,0.99,1.5,9.98,864,100,3/4A,0.2316072916984558
0.0,0.13,2.0,6.2,864,100,3/4A,0.1446470046043396
0.0,0.0,2.5,3.05,864,100,3/4A,0.07196516752243041
0.0,0.0,3.0,2.19,864,100,3/4A,0.05157395362854004
0.0,0.0,3.5,1.59,864,100,3/4A,0.03844674110412598
0.0,0.0,4.0,1.21,864,100,3/4A,0.029328038692474367
0.0,0.0,4.5,1.05,864,100,3/4A,0.025364704132080078
