Perror,Pfailure,SNR,iterations,n,n words,rate,time per word
0.0,1.0,0.5,10.0,1632,100,2/3B,0.4165119028091431
0.0,1.0,1.0,10.0,1632,100,2/3B,0.4487828469276428
0.0,0.98,1.5,9.97,1632,100,2/3B,0.44668729782104494
0.0,0.0,2.0,5.7,1632,100,2/3B,0.25837576389312744
0.0,0.0,2.5,3.34,1632,100,2/3B,0.1511731481552124
0.0,0.0,3.0,2.39,1632,100,2/3B,0.10868783950805665
0.0,0.0,3.5,1.9,1632,100,2/3B,0.09529550313949585
0.0,0.0,4.0,1.59,1632,100,2/3B,0.07913566589355468
0.0,0.0,4.5,1.3,1632,100,2/3B,0.06254279613494873
