Perror,Pfailure,SNR,iterations,n,n words,rate,time per word
0.0,1.0,0.5,10.0,1152,100,2/3A,0.2984723401069641
0.0,1.0,1.0,10.0,1152,100,2/3A,0.308329176902771
0.0,0.96,1.5,9.92,1152,100,2/3A,0.3077065372467041
0.0,0.02,2.0,5.34,1152,100,2/3A,0.1724453568458557
0.0,0.0,2.5,3.33,1152,100,2/3A,0.10439167737960815
0.0,0.0,3.0,2.37,1152,100,2/3A,0.07424814224243165
0.0,0.0,3.5,1.8,1152,100,2/3A,0.05700623750686645
0.0,0.0,4.0,1.43,1152,100,2/3A,0.04784289836883545
0.0,0.0,4.5,1.17,1152,100,2/3A,0.039349122047424315
