Perror,Pfailure,SNR,iterations,n,n words,rate,time per word
0.0,1.0,0.5,10.0,1632,100,3/4A,0.4700497674942017
0.0,1.0,1.0,10.0,1632,100,3/4A,0.4786766719818115
0.0,1.0,1.5,10.0,1632,100,3/4A,0.474048810005188
0.0,0.12,2.0,6.53,1632,100,3/4A,0.3161665964126587
0.0,0.0,2.5,3.31,1632,100,3/4A,0.15924620151519775
0.0,0.0,3.0,2.33,1632,100,3/4A,0.1156880259513855
0.0,0.0,3.5,1.71,1632,100,3/4A,0.08600205421447754
0.0,0.0,4.0,1.27,1632,100,3/4A,0.06529976606369019
0.0,0.0,4.5,1.1,1632,100,3/4A,0.05664222717285156
