Perror,Pfailure,SNR,iterations,n,n words,rate,time per word
0.0,1.0,0.5,10.0,576,100,3/4B,0.15353663206100465
0.0,1.0,1.0,10.0,576,100,3/4B,0.15077927589416504
0.0,0.96,1.5,9.96,576,100,3/4B,0.15203944206237793
0.0,0.09,2.0,5.43,576,100,3/4B,0.08280000686645508
0.0,0.0,2.5,2.92,576,100,3/4B,0.04541754245758057
0.0,0.0,3.0,1.95,576,100,3/4B,0.030813775062561034
0.0,0.0,3.5,1.4,576,100,3/4B,0.02282625198364258
0.0,0.0,4.0,1.15,576,100,3/4B,0.018791322708129884
0.0,0.0,4.5,0.99,576,100,3/4B,0.016566417217254638
