Perror,Pfailure,SNR,iterations,n,n words,rate,time per word
0.0,1.0,0.5,10.0,1152,100,3/4B,0.34143304347991943
0.0,1.0,1.0,10.0,1152,100,3/4B,0.33448172092437745
0.0,0.98,1.5,9.98,1152,100,3/4B,0.3442834234237671
0.0,0.09,2.0,5.85,1152,100,3/4B,0.19946410417556762
0.0,0.0,2.5,3.14,1152,100,3/4B,0.10660595893859863
0.0,0.0,3.0,2.22,1152,100,3/4B,0.07620361566543579
0.0,0.0,3.5,1.6,1152,100,3/4B,0.058131911754608155
0.0,0.0,4.0,1.35,1152,100,3/4B,0.05121790170669556
0.0,0.0,4.5,1.1,1152,100,3/4B,0.04243831872940063
