Perror,Pfailure,SNR,iterations,n,n words,rate,time per word
0.0,1.0,0.5,10.0,672,100,5/6,0.16874107837677002
0.0,1.0,1.0,10.0,672,100,5/6,0.1686636233329773
0.0,1.0,1.5,10.0,672,100,5/6,0.16800731420516968
0.0,0.56,2.0,8.31,672,100,5/6,0.14003851413726806
0.0,0.02,2.5,3.45,672,100,5/6,0.059451546669006344
0.0,0.0,3.0,1.9,672,100,5/6,0.03342059850692749
0.0,0.0,3.5,1.4,672,100,5/6,0.025157947540283204
0.0,0.0,4.0,1.06,672,100,5/6,0.01934330701828003
0.0,0.0,4.5,0.83,672,100,5/6,0.01550767183303833
