Perror,Pfailure,SNR,iterations,n,n words,rate,time per word
0.0,1.0,0.5,10.0,1440,100,2/3B,0.39937509298324586
0.0,1.0,1.0,10.0,1440,100,2/3B,0.4128258299827576
0.0,0.96,1.5,9.94,1440,100,2/3B,0.3957749629020691
0.0,0.01,2.0,5.43,1440,100,2/3B,0.21825538635253905
0.0,0.0,2.5,3.25,1440,100,2/3B,0.1338520574569702
0.0,0.0,3.0,2.34,1440,100,2/3B,0.09748697280883789
0.0,0.0,3.5,1.84,1440,100,2/3B,0.08036345481872559
0.0,0.0,4.0,1.5,1440,100,2/3B,0.06329505443572998
0.0,0.0,4.5,1.2,1440,100,2/3B,0.05191013813018799
