Perror,Pfailure,SNR,iterations,n,n words,rate,time per word
0.0,1.0,0.5,10.0,960,100,5/6,0.2687609624862671
0.0,1.0,1.0,10.0,960,100,5/6,0.27284152507781984
0.0,1.0,1.5,10.0,960,100,5/6,0.26847827196121216
0.0,0.66,2.0,8.87,960,100,5/6,0.2396018123626709
0.0,0.01,2.5,3.69,960,100,5/6,0.10015650033950806
0.0,0.0,3.0,2.19,960,100,5/6,0.06073480367660523
0.0,0.0,3.5,1.51,960,100,5/6,0.043009490966796876
0.0,0.0,4.0,1.13,960,100,5/6,0.032718477249145506
0.0,0.0,4.5,0.98,960,100,5/6,0.028564834594726564
