Perror,Pfailure,SNR,iterations,n,n words,rate,time per word
0.0,1.0,0.5,10.0,2112,100,2/3B,0.5689477682113647
0.0,1.0,1.0,10.0,2112,100,2/3B,0.586665861606598
0.0,0.99,1.5,9.98,2112,100,2/3B,0.5585373139381409
0.0,0.0,2.0,5.49,2112,100,2/3B,0.321272873878479
0.0,0.0,2.5,3.32,2112,100,2/3B,0.19827121019363403
0.0,0.0,3.0,2.34,2112,100,2/3B,0.14572365760803221
0.0,0.0,3.5,1.93,2112,100,2/3B,0.1151273250579834
0.0,0.0,4.0,1.62,2112,100,2/3B,0.09993508338928223
0.0,0.0,4.5,1.32,2112,100,2/3B,0.07752850294113159
