Perror,Pfailure,SNR,iterations,n,n words,rate,time per word
0.0,1.0,0.5,10.0,864,100,5/6,0.23064909219741822
0.0,1.0,1.0,10.0,864,100,5/6,0.22910609006881713
0.0,1.0,1.5,10.0,864,100,5/6,0.22984041929244994
0.0,0.58,2.0,8.38,864,100,5/6,0.19815192937850953
0.0,0.01,2.5,3.42,864,100,5/6,0.08199409008026123
0.0,0.0,3.0,1.99,864,100,5/6,0.04803400039672852
0.0,0.0,3.5,1.45,864,100,5/6,0.03570640325546265
0.0,0.0,4.0,1.11,864,100,5/6,0.027492153644561767
0.0,0.0,4.5,0.95,864,100,5/6,0.024321527481079103
