Perror,Pfailure,SNR,iterations,n,n words,rate,time per word
0.0,1.0,0.5,10.0,1440,100,2/3A,0.3902716135978699
0.0,1.0,1.0,10.0,1440,100,2/3A,0.3914346623420715
0.0,0.95,1.5,9.9,1440,100,2/3A,0.3859416580200195
0.0,0.0,2.0,5.32,1440,100,2/3A,0.21548285245895385
0.0,0.0,2.5,3.29,1440,100,2/3A,0.13427149534225463
0.0,0.0,3.0,2.38,1440,100,2/3A,0.09615023851394654
0.0,0.0,3.5,1.89,1440,100,2/3A,0.07701567888259887
0.0,0.0,4.0,1.51,1440,100,2/3A,0.06263115167617798
0.0,0.0,4.5,1.26,1440,100,2/3A,0.054177017211914064
