Perror,Pfailure,SNR,iterations,n,n words,rate,time per word
0.0,1.0,0.5,10.0,1536,100,2/3A,0.4085288691520691
0.0,1.0,1.0,10.0,1536,100,2/3A,0.42498653650283813
0.0,0.96,1.5,9.93,1536,100,2/3A,0.41330440282821657
0.0,0.01,2.0,5.48,1536,100,2/3A,0.23204042196273802
0.0,0.0,2.5,3.21,1536,100,2/3A,0.13918051958084107
0.0,0.0,3.0,2.38,1536,100,2/3A,0.10477157831192016
0.0,0.0,3.5,1.95,1536,100,2/3A,0.08460411787033081
0.0,0.0,4.0,1.51,1536,100,2/3A,0.06840503454208374
0.0,0.0,4.5,1.21,1536,100,2/3A,0.05850677251815796
