Perror,Pfailure,SNR,iterations,n,n words,rate,time per word
0.0,1.0,0.5,10.0,2304,100,5/6,0.6826228094100952
0.0,1.0,1.0,10.0,2304,100,5/6,0.6773729586601257
0.0,1.0,1.5,10.0,2304,100,5/6,0.659021098613739
0.0,0.73,2.0,9.32,2304,100,5/6,0.6247472620010376
0.0,0.0,2.5,4.37,2304,100,5/6,0.29258811235427856
0.0,0.0,3.0,2.57,2304,100,5/6,0.17827441692352294
0.0,0.0,3.5,1.94,2304,100,5/6,0.13683382987976075
0.0,0.0,4.0,1.36,2304,100,5/6,0.10024691820144653
0.0,0.0,4.5,1.11,2304,100,5/6,0.07935734272003174
