Perror,Pfailure,SNR,iterations,n,n words,rate,time per word
0.0,1.0,0.5,10.0,2208,100,3/4A,0.6410867524147034
0.0,1.0,1.0,10.0,2208,100,3/4A,0.6498886704444885
0.0,1.0,1.5,10.0,2208,100,3/4A,0.6315479564666748
0.0,0.08,2.0,6.8,2208,100,3/4A,0.4415708374977112
0.0,0.0,2.5,3.5,2208,100,3/4A,0.22547812461853028
0.0,0.0,3.0,2.41,2208,100,3/4A,0.16232111930847168
0.0,0.0,3.5,1.95,2208,100,3/4A,0.13149193048477173
0.0,0.0,4.0,1.49,2208,100,3/4A,0.10396666765213013
0.0,0.0,4.5,1.13,2208,100,3/4A,0.08197775840759278
