Perror,Pfailure,SNR,iterations,n,n words,rate,time per word
0.0,1.0,0.5,10.0,1344,100,3/4B,0.4136494755744934
0.0,1.0,1.0,10.0,1344,100,3/4B,0.4041429376602173
0.0,0.99,1.5,9.97,1344,100,3/4B,0.3952399778366089
0.0,0.05,2.0,5.95,1344,100,3/4B,0.2390216064453125
0.0,0.0,2.5,3.25,1344,100,3/4B,0.12954705238342284
0.0,0.0,3.0,2.28,1344,100,3/4B,0.09477486848831176
0.0,0.0,3.5,1.74,1344,100,3/4B,0.07346501111984254
0.0,0.0,4.0,1.42,1344,100,3/4B,0.06093778371810913
0.0,0.0,4.5,1.19,1344,100,3/4B,0.05544143676757812
