Perror,Pfailure,SNR,iterations,n,n words,rate,time per word
0.0,1.0,0.5,10.0,1920,100,2/3B,0.5220212435722351
0.0,1.0,1.0,10.0,1920,100,2/3B,0.5125851798057556
0.0,0.99,1.5,9.99,1920,100,2/3B,0.5225821256637573
0.0,0.03,2.0,5.61,1920,100,2/3B,0.30038401365280154
0.0,0.0,2.5,3.35,1920,100,2/3B,0.18112250566482543
0.0,0.0,3.0,2.47,1920,100,2/3B,0.136447594165802
0.0,0.0,3.5,2.03,1920,100,2/3B,0.11449300527572631
0.0,0.0,4.0,1.64,1920,100,2/3B,0.09261164426803589
0.0,0.0,4.5,1.32,1920,100,2/3B,0.07069997549057007
