Perror,Pfailure,SNR,iterations,n,n words,rate,time per word
0.0,1.0,0.5,10.0,1344,100,2/3B,0.3576550006866455
0.0,1.0,1.0,10.0,1344,100,2/3B,0.38391262769699097
0.0,0.97,1.5,9.95,1344,100,2/3B,0.36599758625030515
0.0,0.0,2.0,5.06,1344,100,2/3B,0.19848304033279418
0.0,0.0,2.5,3.2,1344,100,2/3B,0.11993850231170654
0.0,0.0,3.0,2.32,1344,100,2/3B,0.09456568956375122
0.0,0.0,3.5,1.89,1344,100,2/3B,0.07635506629943847
0.0,0.0,4.0,1.52,1344,100,2/3B,0.05978456258773804
0.0,0.0,4.5,1.19,1344,100,2/3B,0.048189516067504885
