Perror,Pfailure,SNR,iterations,n,n words,rate,time per word
0.0,1.0,0.5,10.0,576,100,1/2,0.13607322216033935
0.0,1.0,1.0,10.0,576,100,1/2,0.1359556484222412
0.0,0.4,1.5,8.22,576,100,1/2,0.11316352605819702
0.0,0.0,2.0,4.62,576,100,1/2,0.06425089597702026
0.0,0.0,2.5,3.18,576,100,1/2,0.044571971893310545
0.0,0.0,3.0,2.45,576,100,1/2,0.03466870307922363
0.0,0.0,3.5,1.99,576,100,1/2,0.02850520133972168
0.0,0.0,4.0,1.65,576,100,1/2,0.02384169101715088
0.0,0.0,4.5,1.39,576,100,1/2,0.02027439832687378
