Perror,Pfailure,SNR,iterations,n,n words,rate,time per word
0.0,1.0,0.5,10.0,1440,100,3/4A,0.4125364828109741
0.0,1.0,1.0,10.0,1440,100,3/4A,0.4033444666862488
0.0,1.0,1.5,10.0,1440,100,3/4A,0.3898169445991516
0.0,0.09,2.0,6.28,1440,100,3/4A,0.246279079914093
0.0,0.0,2.5,3.24,1440,100,3/4A,0.13212547779083253
0.0,0.0,3.0,2.29,1440,100,3/4A,0.10024242639541626
0.0,0.0,3.5,1.79,1440,100,3/4A,0.07874826669692993
0.0,0.0,4.0,1.34,1440,100,3/4A,0.06080016136169433
0.0,0.0,4.5,1.14,1440,100,3/4A,0.052215194702148436
