Perror,Pfailure,SNR,iterations,n,n words,rate,time per word
0.0,1.0,0.5,10.0,1056,100,2/3A,0.2766369557380676
0.0,1.0,1.0,10.0,1056,100,2/3A,0.28639041423797607
0.0,0.92,1.5,9.84,1056,100,2/3A,0.2779871988296509
0.0,0.1,2.0,5.66,1056,100,2/3A,0.1647737741470337
0.0,0.01,2.5,3.4,1056,100,2/3A,0.09820782423019409
0.0,0.0,3.0,2.38,1056,100,2/3A,0.06963590383529664
0.0,0.0,3.5,1.87,1056,100,2/3A,0.05606001615524292
0.0,0.0,4.0,1.46,1056,100,2/3A,0.04419091701507569
0.0,0.0,4.5,1.26,1056,100,2/3A,0.040222504138946534
